Provider Name,Address,City,County,Doses
Christus Trinity Clinic Magnolia Medical Plaza,3201 South Loop 256,Palestine,ANDERSON,500
Kroger Pharmacy 431,325 E Spring St,Palestine,ANDERSON,100
Texas Department of Criminal Justice Gurney,1385 FM 3328,Palestine,ANDERSON,100
Texas Department of Criminal Justice Powledge,1400 FM 3452,Palestine,ANDERSON,100
Texas Department of Criminal Justice BETO,1391 FM 3328,Tennessee Colony,ANDERSON,100
Texas Department of Criminal Justice COFFIELD,2661 FM 2054,Tennessee Colony,ANDERSON,100
Texas Department of Criminal Justice Michael,2664 FM 2054,Tennessee Colony,ANDERSON,100
Texas Department of Criminal Justice DIBOLL,1604 First Street,Diboll,ANGELINA,100
Texas Department of Criminal Justice DUNCAN,1502 S. First Street,Diboll,ANGELINA,100
Lhd Angelina County And Cities Health District (Re),503 Hill St Ste 100,Lufkin,ANGELINA,100
Lufkin Adult Medicine Clinic,202 S Bynum St,Lufkin,ANGELINA,100
Lufkin Community Clinic-Lakeview,1316 Lakeview St,Lufkin,ANGELINA,100
Urgent Health Solutions,525 N Brentwood,Lufkin,ANGELINA,100
Texas Dads State Supportive Living Center Lufkin,6844 U.S. 69,Pollok,ANGELINA,100
Walgreens Pharmacy 10680,2702 W Wheeler Ave,Aransas Pass,ARANSAS,100
Heb Pharmacy 562,1409 Highway 35 N,Rockport,ARANSAS,100
Walgreens Pharmacy 09205,1309 Highway 35 N,Rockport,ARANSAS,100
DSHS Archer City,511 S. Cedar,Archer City,ARCHER,100
Bellville Medical Center,44 N. Cummings St.,Bellville,AUSTIN,100
Medical Clinics Of Sealy,1036 N Circle Dr,Sealy,AUSTIN,100
United Pharmacy 550,104 W 9th St,Muleshoe,BAILEY,100
HEB Pharmacy 582,104 Hasler St,Bastrop,BASTROP,100
Walgreens Pharmacy 09143,504 Highway 71 W,Bastrop,BASTROP,100
Walgreens Pharmacy 13588,4201 Highway 71 E,Bastrop,BASTROP,100
HEB Pharmacy 475,1080 Highway 290 E,Elgin,BASTROP,100
Seymour Hospital,200 Stadium Dr,Seymour,BAYLOR,200
"Careville Pediatrics, Pa",1003 N Saint Marys St,Beeville,BEE,100
Heb Pharmacy 412,100 E Houston St,Beeville,BEE,100
South Tx Family Plannng And Health Corp - Beeville,1400 W Corpus Christi St Ste 4,Beeville,BEE,200
Texas Department of Criminal Justice GARZA,4250 Hwy 202,Beeville,BEE,100
Texas Department of Criminal Justice McConnell,3001 S. Emily Dr.,Beeville,BEE,100
Walgreens Pharmacy 10689,300 E Houston St,Beeville,BEE,100
BAYLOR SCOTT AND WHITE HQ,2401 S 31st Street,Temple,BELL,1950
Kyle Communicare Health Center,2810 Dacy Ln,Kyle,BEXAR,500
15RX Pharmacy-2,"11212 State Hwy 151, Plaza-2",San Antonio,BEXAR,100
Arthur S Hernandez Md,88 Briggs St,San Antonio,BEXAR,100
Christus Santa Rosa Medical Center,2827 Babcock Rd,San Antonio,BEXAR,975
Gruesbeck Medical Clinic Cable Ranch Rd,1415 Cable Ranch Rd,San Antonio,BEXAR,100
Kindred Hospital San Antonio,3636 Medical,San Antonio,BEXAR,100
Legends Pharmacy,6601 Blanco Rd,San Antonio,BEXAR,100
Lung Diagnostics,4410 Medical Dr,San Antonio,BEXAR,100
Magenta Health,17238 Bulverde Road,San Antonio,BEXAR,100
Mission Trail Baptist Hospital,3333 Research Plz,San Antonio,BEXAR,300
Northeast Pediatric Assoc,18707 Hardy Oak Blvd Ste 225,San Antonio,BEXAR,100
"Sage Medicine, Pa",4315 Moonlight Way,San Antonio,BEXAR,100
"Steven A Davis MD, PA",7810 Louis Pasteur,San Antonio,BEXAR,200
"Stone Oak Family Doctors, PA",700 E. Sonterra Blvd,San Antonio,BEXAR,100
Surgical Arts Center,6501 Blanco Rd,San Antonio,BEXAR,100
Texas Department of Criminal Justice DOMINGUEZ,6535 Cagnon Rd,San Antonio,BEXAR,100
Texas MedClinic,13722 Embassy Row,San Antonio,BEXAR,100
The Emergency Clinic at the Pearl,2015 Broadway St.,San Antonio,BEXAR,100
The San Antonio Orthopaedic Group,400 Concord Plaza Dr Ste 300,San Antonio,BEXAR,100
The University of Texas at San Antonio,One UTSA Circle,San Antonio,BEXAR,100
Uhs Harlandale Clinic,834 W Southcross Blvd Ste 1,San Antonio,BEXAR,100
Uhs Hilliard Center,919 Locke St,San Antonio,BEXAR,200
Uhs Kenwood Clinic,302 Dora St,San Antonio,BEXAR,100
Uhs North,302 W Rector St,San Antonio,BEXAR,200
Uhs Rbg Pedi 1st Floor,903 W Martin St,San Antonio,BEXAR,300
Uhs S. Flores Clinic,7902 S Flores St,San Antonio,BEXAR,100
Uhs Southwest,2121 Sw 36th St,San Antonio,BEXAR,100
Uhs Southwest School Based Clinic,11914 Dragon Ln,San Antonio,BEXAR,100
Uhs Zarzamora Clinic,4503 S Zarzamora St,San Antonio,BEXAR,100
University Health System - Inpatient,4502 Medical Dr,San Antonio,BEXAR,975
Walgreens Pharmacy 15461,1560 Bandera Rd,San Antonio,BEXAR,100
Wellmed Management,6157 NW Loop 410,San Antonio,BEXAR,200
North Blanco County Ems,105 Bill Watson Dr,Johnson City,BLANCO,300
Brookshires Pharmacy 92,900 Fm 3220,Clifton,BOSQUE,100
Clifton Medical Clinic,201 Posey Ave,Clifton,BOSQUE,500
Brookshires Pharmacy 100,9295 Hwy 6,Meridian,BOSQUE,100
Texas Department of Criminal Justice Telford,3899 State Hwy 98,New Boston,BOWIE,100
Lhd Texarkana-Bowie Co Fam Hlth Cntr (Re),902 W 12th St,Texarkana,BOWIE,100
Kroger Pharmacy 321,3100 Hwy 35,Alvin,BRAZORIA,100
Walgreens Pharmacy 04113,1620 S Gordon St,Alvin,BRAZORIA,100
Women's And Children's Health Center- 061736,218 E House St,Alvin,BRAZORIA,100
Brazoria County Health Department,434 E Mulberry St,Angleton,BRAZORIA,100
Kroger Pharmacy 256,1804 N Velasco St,Angleton,BRAZORIA,100
Next Level Urgent Care Brazoria,20799 County Road 171,Angleton,BRAZORIA,200
Walgreens Pharmacy 04373,1001 Loop 274,Angleton,BRAZORIA,100
Kroger Pharmacy 149,800 N Dixie Dr,Clute,BRAZORIA,100
Walgreens Pharmacy 04100,51 Dixie Dr,Clute,BRAZORIA,100
Brazoria County Health Department-Lake Jackson,202 Peach St,Lake Jackson,BRAZORIA,100
HEB Pharmacy 707,97 Oyster Creek Dr,Lake Jackson,BRAZORIA,100
Prestige Medical P.A,3945 County Road 58,Manvel,BRAZORIA,100
HEB Pharmacy 63,2805 Business Center Dr.,Pearland,BRAZORIA,100
Kroger Pharmacy 343,8323 Broadway St,Pearland,BRAZORIA,100
Pearland Family Health Center-061819,2552 Broadway St # 102,Pearland,BRAZORIA,100
Randalls Pharmacy 1858,10228 Broadway,Pearland,BRAZORIA,100
Walgreens Pharmacy 07459,1515 Broadway,Pearland,BRAZORIA,100
Texas Department of Criminal Justice DARRINGTON,59 Darrington Rd,Rosharon,BRAZORIA,100
Texas Department of Criminal Justice Ramsey 1,1100 FM655,Rosharon,BRAZORIA,100
Texas Department of Criminal Justice Stringfellow,1200 FM 655,Rosharon,BRAZORIA,100
Texas Department of Criminal Justice Terrell,1300 FM 655,Rosharon,BRAZORIA,100
Walgreens Pharmacy 12052,100 E Brazos Ave,West Columbia,BRAZORIA,100
Brazos County Health And Wellness,300 E Wm J Bryan Pkwy Ste 200,Bryan,BRAZOS,100
Bryan Family Medicine Clinic,2709 Osler Blvd,Bryan,BRAZOS,100
Chi St Joseph Primary Austins Colony,2410 Boonville Rd,Bryan,BRAZOS,300
Chi St Joseph Primary Care 29th,2210 E 29th St,Bryan,BRAZOS,200
Chi St Joseph Primary Care University Dr,3201 University Dr E Ste 425,Bryan,BRAZOS,200
Chi St Joseph Prmry Care W Villa Maria,1612 W Villa Maria Rd Ste 130,Bryan,BRAZOS,100
Health Point Bcs,3370 S Texas Ave,Bryan,BRAZOS,100
Healthpoint Memorial,1301 Memorial Drive,Bryan,BRAZOS,100
Kroger Pharmacy 383,2303 Boonville Rd,Bryan,BRAZOS,100
Healthpoint Abc,1602 Rock Prairie Rd,College Station,BRAZOS,100
Kroger Pharmacy 361,3535 Longmire Dr,College Station,BRAZOS,100
Cogdell Clinic Briscoe County,701 Commerce St,Silverton,BRISCOE,100
HEB Pharmacy 200,800 S Saint Marys St,Falfurrias,BROOKS,100
Walgreens Pharmacy 11926,200 W Commerce St,Brownwood,BROWN,100
Ascension Seton Highland Lakes Burnet Clinic,200 John W Hoover Pkwy,Burnet,BURNET,100
Atkins Express Pharmacy,2607 Hwy 281 N,Marble Falls,BURNET,100
Heb Pharmacy 445,403 S Colorado St,Lockhart,CALDWELL,100
Walgreens Pharmacy 11131,200 S Colorado St,Lockhart,CALDWELL,100
"DIsmukesRx, LLC",511 East Davis Street,Luling,CALDWELL,100
Memorial Medical Clinic - Port Lavaca,1016 N. Virgnia,Port Lavaca,CALHOUN,100
Resourcecare Clinic Clyde,1712 N Access Rd,Clyde,CALLAHAN,100
Brownsville Community Health Center,191 E. Price Rd,Brownsville,CAMERON,100
Carlos Rosas MD PA,704 Paredes Line Rd Ste A,Brownsville,CAMERON,100
Jk Family Clinic,2886 West Altongloor,Brownsville,CAMERON,100
M And M Adult Clinic,4365 S. Expressway 77/83,Brownsville,CAMERON,100
S Texas Cancer Ctr Brownsville,2150 N Expressway 83,Brownsville,CAMERON,100
UTHealth RGV AHEC Primary Care At Bob Clark,9901 California Rd.,Brownsville,CAMERON,100
"Valley Doctors Clinic Of Brownsville, Pllc",2300 Central Blvd,Brownsville,CAMERON,100
Ccdhhs Harlingen Nursing Office,711 N L St,Harlingen,CAMERON,1000
DIANA LOZANO MD PA,5505 S Expressway 77,Harlingen,CAMERON,100
Friendly Neighborhood Health Clinic Pllc,617 E Loop 499,Harlingen,CAMERON,200
Rio Grande State Center,1401 S Rangerville Rd,Harlingen,CAMERON,100
S Texas Cancer Ctr Harlingen,2121 Pease St Ste,Harlingen,CAMERON,100
Salinas Pharmacy,1022 South F St.,Harlingen,CAMERON,100
Los Fresnos Pharmacy,810 W. Ocean Blvd,Los Fresnos,CAMERON,100
Father Joseph Obrien Health Clinic,142 Champion Ave,Port Isabel,CAMERON,100
Salinas Pharmacy Inc,500 N Sam Houston Blvd,San Benito,CAMERON,100
CHAMBERS COUNTY HEALTH DEPT ANAHUAC,102 AIRPORT RD,Anahuac,CHAMBERS,300
West Chambers Medical Clinic,9825 Eagle Dr,Baytown,CHAMBERS,100
Riceland Medical Center,538 Broadway Ste 1,Winnie,CHAMBERS,500
LHD Cherokee County Health Department (RE),803 College Ave,Jacksonville,CHEROKEE,200
Fox Rural Health Clinic,1001 Us Highway 83 N,Childress,CHILDRESS,200
United Pharmacy 518,2105 Avenue F Nw,Childress,CHILDRESS,100
Clay County Memorial Hospital,310 W South St,Henrietta,CLAY,100
OWL DRUG STORE,312 COMMERCIAL,Coleman,COLEMAN,200
Allen Fire Department,310 Century Pkwy,Allen,COLLIN,300
Kroger Pharmacy 544,1212 E Bethany Dr,Allen,COLLIN,100
Kroger Pharmacy 548,1210 N Greenville Ave,Allen,COLLIN,100
Market Street Pharmacy 563,985 W Bethany Dr,Allen,COLLIN,100
Tom Thumb Pharmacy 3579,900 W Mcdermott Dr,Allen,COLLIN,100
Walgreens Pharmacy 04787,1226 W Mcdermott Dr,Allen,COLLIN,100
Walgreens Pharmacy 04860,510 E Main St,Allen,COLLIN,100
Brookshires Pharmacy 131,1325 W White St,Anna,COLLIN,100
Brookshires Pharmacy 73,675 E Sunset Blvd,Celina,COLLIN,100
Celina Drug,701 N Preston Rd Ste 210,Celina,COLLIN,100
Tom Thumb Pharmacy 3582,18212 Preston Rd,Dallas,COLLIN,100
Walgreens Pharmacy 05710,18410 Preston Rd,Dallas,COLLIN,100
Brookshires Pharmacy 79,1705 W Audie Murphy Pkwy,Farmersville,COLLIN,100
"Centennial ASC, LLC",4401 Coit Road,Frisco,COLLIN,100
Kroger Pharmacy 546,4851 Legacy Drive,Frisco,COLLIN,100
Market Street Pharmacy 685,4268 Legacy Dr,Frisco,COLLIN,100
Tom Thumb Pharmacy 2581,4848 Preston Rd,Frisco,COLLIN,100
United Market St Pharmacy 562,11999 Dallas Pkwy,Frisco,COLLIN,100
Walgreens Pharmacy 04786,5049 Preston Rd,Frisco,COLLIN,100
BERG & MINIGUTTI PLLC,8000 ELDORADO PKWY,McKinney,COLLIN,200
"Healthcare Associates of Irving, LLP",2760 Virginia Pkwy,McKinney,COLLIN,200
Kroger Pharmacy 488,1707 W University Dr,McKinney,COLLIN,100
Kroger Pharmacy 565,1801 N Lake Forest Dr,McKinney,COLLIN,100
Market Street Pharmacy 561,6100 Eldorado Pkwy,McKinney,COLLIN,100
Mckinney Isd,1 Duvall St,McKinney,COLLIN,100
Methodist McKinney Hospital,8000 W. Eldorado Pkwy,McKinney,COLLIN,200
Tom Thumb Pharmacy 0296,6800 W Virginia Parkway,McKinney,COLLIN,100
Walgreens Pharmacy 04663,3001 Eldorado Pkwy,McKinney,COLLIN,100
Walgreens Pharmacy 09908,1651 W Univeristy Dr,McKinney,COLLIN,100
Kindred Wellbridge Plano,4301 MapleshadeLn,Plano,COLLIN,100
Kroger Pharmacy 522,7100 Independence Pkwy.,Plano,COLLIN,100
Kroger Pharmacy 540,3305 N. Dallas Parkway,Plano,COLLIN,100
Market Street Pharmacy 566,1929 Preston Rd,Plano,COLLIN,100
Tom Thumb Pharmacy 1788,7801 Alma,Plano,COLLIN,100
Tom Thumb Pharmacy 2554,3100 Independence Parkway,Plano,COLLIN,100
Tom Thumb Pharmacy 2595,3945 Legacy Drive,Plano,COLLIN,100
Tom Thumb Pharmacy 3645,2200 14th St,Plano,COLLIN,100
Walgreens #21173,1600 COIT RD,Plano,COLLIN,100
Walgreens Pharmacy 03911,2001 Custer Rd,Plano,COLLIN,100
Kroger Pharmacy 573,1250 N. Preston Road,Prosper,COLLIN,100
Tom Thumb Pharmacy 3641,3411 Custer Pkwy,Richardson,COLLIN,100
Walgreens Pharmacy 06663,4201 E Renner Rd,Richardson,COLLIN,100
Kroger Pharmacy 578,2608 W Fm 544,Wylie,COLLIN,100
Walgreens Pharmacy 06329,720 W Kirby St,Wylie,COLLIN,100
Columbus Community Hospital - Columbus 2,110 Shult Drive,Columbus,COLORADO,200
DSHS Columbus Clinic,1220 Bowie St,Columbus,COLORADO,100
Gruene Lake Medical,948 Gruene Road,New Braunfels,COMAL,100
New Braunfels Rural Health Clinic,705 Landa St Ste C,New Braunfels,COMAL,200
Resolute Health Hospital,555 Creekside Crossing,New Braunfels,COMAL,200
Mercy Wellness Clinic,18568 Forty Six Pkwy Ste 1001,Spring Branch,COMAL,200
Family 1st Care,1615 Hospital Blvd Ste A,Gainesville,COOKE,500
Gainesville State School,1379 Fm 678,Gainesville,COOKE,200
North Texas Medical Center,1900 Hospital Blvd,Gainesville,COOKE,300
Tom Thumb Pharmacy 2557,200 N Grand Ave,Gainesville,COOKE,100
Texas Department of Criminal Justice CRAIN,1401 Sate School Rd,Gatesville,CORYELL,100
Texas Department of Criminal Justice Hughes,3201 FM 929,Gatesville,CORYELL,100
Texas Department of Criminal Justice Mt. View,2305 Ransom Road,Gatesville,CORYELL,100
Texas Department of Criminal Justice Murray,1916 N. Hwy 36 Bypass,Gatesville,CORYELL,100
Kroger Pharmacy 870,3770 Belt Line Rd,Addison,DALLAS,100
Tom Thumb Pharmacy 2643,14280 Marsh Ln,Addison,DALLAS,100
Kroger Pharmacy 492,11925 Elam Rd,Balch Springs,DALLAS,100
Kroger Pharmacy 436,235 E Fm 1382,Cedar Hill,DALLAS,100
Kroger Pharmacy 448,950 E Sandy Lake Rd,Coppell,DALLAS,100
Tom Thumb Pharmacy 1781,106 N Denton Tap Road,Coppell,DALLAS,100
United Market St. Pharmacy 564,700 N Denton Tap Rd,Coppell,DALLAS,100
Ahf Pharmacy,7777 Forest Lane.,Dallas,DALLAS,100
Childrens Medical Center Of Dallas,1935 Medical District Dr,Dallas,DALLAS,1200
Clinicas Mi Doctor - Dallas 2,3247 Dawes Dr,Dallas,DALLAS,100
Compassion Care Clinic,1050 N Westmoreland Rd Ste 432,Dallas,DALLAS,100
Dougherty's Pharmacy,5959 Royal Ln Ste 515,Dallas,DALLAS,100
Harrell A Grand MD,3801 Gaston Ave,Dallas,DALLAS,100
Heavenly Hands Family Medical Clinic Pllc,7602 Great Trinity Forest Way,Dallas,DALLAS,100
"Highland Park Emergency Center, LLC",5150 Lemmon Ave.,Dallas,DALLAS,100
Highrise Health Pllc Dba Vertical Healthcare,3624 Oak Lawn Avenue,Dallas,DALLAS,100
Internal Medicine Associates Of Texas,7777 Forest Ln Ste C650,Dallas,DALLAS,100
James Gilbert Pfister Md,10218 Midway Rd,Dallas,DALLAS,100
Kroger Pharmacy 213,752 Wynnewood Village Shp Ctr,Dallas,DALLAS,100
Kroger Pharmacy 511,10677 E. Northwest Hwy,Dallas,DALLAS,100
Kroger Pharmacy 518,5665 E Mockingbird Ln,Dallas,DALLAS,100
Kroger Pharmacy 588,9140 Forest Ln,Dallas,DALLAS,100
Kroger Pharmacy 689,17194 Preston Road,Dallas,DALLAS,100
Lake June Medical Clinic,7716 Lake June Rd,Dallas,DALLAS,100
LHD Dallas County Health And Human Services (Re),2377 N Stemmons Fwy,Dallas,DALLAS,1200
Md Family Clinic - Dallas,2959 S Buckner Blvd Ste 700,Dallas,DALLAS,100
Md Family Marsh - Dallas - 9991 Marsh Ln,9991 Marsh Ln,Dallas,DALLAS,300
OAKCLIFF MEDICAL CLINIC,1401 W JEFFERSON BLVD,Dallas,DALLAS,100
Parkland Occupational Health Services,5201 Harry Hines Blvd,Dallas,DALLAS,1000
ProSalutem,11882 Greenville Avenue,Dallas,DALLAS,100
Savon 4289,320 Casa Linda Plaza,Dallas,DALLAS,100
Texas Department of Criminal Justice Hutchins,1500 E. Langdon Rd.,Dallas,DALLAS,100
Tom Thumb Pharmacy 1540,3757 Forest Ln,Dallas,DALLAS,100
Tom Thumb Pharmacy 2534,6333 East Mockingbird Lane,Dallas,DALLAS,100
Tom Thumb Pharmacy 2642,5809 E Lovers Ln,Dallas,DALLAS,100
Tom Thumb Pharmacy 2990,7117 Inwood Rd,Dallas,DALLAS,100
UT Southwestern Medical Center,5323 Harry Hines Blvd,Dallas,DALLAS,1700
Walgreens Pharmacy 21222,6520 E NORTHWEST HIGHWAY,Dallas,DALLAS,100
Kroger Pharmacy 545,"1001 N. Beckley, Ste. 500",Desoto,DALLAS,100
Tom Thumb Pharmacy 3623,210 E Pleasant Run Rd,Desoto,DALLAS,100
Kroger Pharmacy 527,200 W Camp Wisdom Rd,Duncanville,DALLAS,100
Tom Thumb Pharmacy 3563,633 W Wheatland Rd,Duncanville,DALLAS,100
Garland Health Center,802 Hopkins St,Garland,DALLAS,100
Garland Independent Pharmacy,3641 Broadway Blvd,Garland,DALLAS,100
Kroger Pharmacy 403,532 W Interstate 30,Garland,DALLAS,100
Kroger Pharmacy 557,6850 North Shiloh Road,Garland,DALLAS,100
Kroger Pharmacy 559,1406 W Walnut St,Garland,DALLAS,100
Patient Place - Garland 1,2636 W Walnut St Ste 100,Garland,DALLAS,100
Savon 4265,5710 Broadway Blvd,Garland,DALLAS,100
Tom Thumb Pharmacy 1783,2645 Arapaho,Garland,DALLAS,100
Tom Thumb Pharmacy 2561,925 Northwest Hwy,Garland,DALLAS,100
Kroger Pharmacy 191,313 E Pioneer Pkwy,Grand Prairie,DALLAS,100
Mi Doctor #13 Grand Prairie,410 E Pioneer Pkwy Ste 300,Grand Prairie,DALLAS,100
Tom Thumb Pharmacy 1786,4215 S Carrier Pkwy,Grand Prairie,DALLAS,100
Gibson Pharmacy,815 N OCONNOR RD,Irving,DALLAS,100
Irving Regional Dialysis Center,2535 W Airport Freeway,Irving,DALLAS,100
Kroger Pharmacy 402,3612 N Belt Line Rd,Irving,DALLAS,100
Kroger Pharmacy 429,2201 W Grauwyler Rd,Irving,DALLAS,100
Kroger Pharmacy 495,515 S Macarthur Blvd,Irving,DALLAS,100
Kroger Pharmacy 577,7505 N Macarthur Blvd,Irving,DALLAS,100
Las Colinas Pharmacy,6420 N. MacArthurBlvd,Irving,DALLAS,100
Tom Thumb Pharmacy 3621,4010 N Macarthur Blvd Ste 10,Irving,DALLAS,100
Crescent Medical Center Lancaster,2600 W Pleasant Run Rd,Lancaster,DALLAS,200
Kroger Pharmacy 450,3600 Gus Thomasson Road,Mesquite,DALLAS,100
Kroger Texas LP,525 N Galloway,Mesquite,DALLAS,100
Regional Dialysis Center of Mesquite,1650 Republic Pkwy,Mesquite,DALLAS,100
Kroger Pharmacy 517,160 N. Coit,Richardson,DALLAS,100
Kroger Pharmacy 526,536 Centennial Blvd,Richardson,DALLAS,100
Richardson Fire Department,300 N. Greenville Ave.,Richardson,DALLAS,200
Tom Thumb Pharmacy 2526,#39 Arapaho Village S.C.,Richardson,DALLAS,100
Tom Thumb Pharmacy 3637,1380 W Campbell Rd,Richardson,DALLAS,100
Kroger Pharmacy 461,5190 Highway 78,Sachse,DALLAS,100
BELTLINE SURGERY CENTER,2858 N. BELTLINE ROAD,Sunnyvale,DALLAS,100
Dawson County Hospital District,2200 North Bryan Avenue,Lamesa,DAWSON,100
HEREFORD PHARMACY,809 S 25 MILE AVE,Hereford,DEAF SMITH,100
Kroger Pharmacy 572,3400 Fm 407 E.,Argyle,DENTON,100
Aubrey Pharmacy,701 S Highway 377,Aubrey,DENTON,100
Walgreens Pharmacy 11567,26731 Us Highway 380 E,Aubrey,DENTON,100
Kroger Pharmacy 460,4038 Old Denton Rd,Carrollton,DENTON,100
Precision Family Medicine,1428 W Hebron Pkwy,Carrollton,DENTON,100
Tom Thumb Pharmacy 2590,4112 N. Josey,Carrollton,DENTON,100
Walgreens Pharmacy 04014,1804 E Hebron Pkwy,Carrollton,DENTON,100
Walgreens Pharmacy 10816,1919 E Frankford Rd,Carrollton,DENTON,100
Kroger Pharmacy 587,3939 Frankford Rd,Dallas,DENTON,100
Walgreens Pharmacy 04013,18207 Midway Rd,Dallas,DENTON,100
Community Pharmacy,3001 Fm 2181,Denton,DENTON,100
Family Healthcare - Denton,3105 Colorado Blvd,Denton,DENTON,200
Kroger Pharmacy 493,500 W University Dr,Denton,DENTON,100
Kroger Pharmacy 570,5021 Teasley Ln,Denton,DENTON,100
Kroger Pharmacy 586,1592 S Loop 288,Denton,DENTON,100
Walgreens 11515,5000 Teasley Ln,Denton,DENTON,100
Walgreens Pharmacy 05161,101 W University Dr,Denton,DENTON,100
Kroger Pharmacy 456,2709 Cross Timbers Road,Flower Mound,DENTON,100
Tom Thumb Pharmacy 1854,4301 Cross Timbers Rd,Flower Mound,DENTON,100
Walgreens Pharmacy 04171,2050 Long Prairie Rd,Flower Mound,DENTON,100
iCare Emergency Center,2955 Eldorado Pkwy,Frisco,DENTON,100
Kroger Pharmacy 547,3205 Main St,Frisco,DENTON,100
Tom Thumb Pharmacy 2963,5550 F.M. 423,Frisco,DENTON,100
Walgreens Pharmacy 07645,3030 Main St,Frisco,DENTON,100
Walgreens Pharmacy 04587,2360 Justin Rd,Highlands,DENTON,100
Highland Village Fire Department,1200 Highland Village Rd,Lewisville,DENTON,100
Kroger Pharmacy 599,4620 State Highway 121,Lewisville,DENTON,100
Medical Center Of Lewisville,500 W Main St,Lewisville,DENTON,100
Mi Doctor - Lewisville,701 S Stemmons Fwy Ste 260,Lewisville,DENTON,100
Tom Thumb Pharmacy 1785,1075 W Round Grove Rd,Lewisville,DENTON,100
Walgreens Pharmacy 05960,1103 W Round Grove Rd,Lewisville,DENTON,100
Kroger Pharmacy 580,2671 Little Elm Pkwy,Little Elm,DENTON,100
Walgreens Pharmacy 11320,2774 E Eldorado Pkwy,Little Elm,DENTON,100
Brookshires Pharmacy 109 - Pilot Point,750 S Highway 377,Pilot Point,DENTON,100
Kroger Pharmacy 589,4650 W University Dr,Prosper,DENTON,100
A&P Pharmacy DBA Roanoke Pharmacy,207 E Byron Nelson Blvd,Roanoke,DENTON,100
Tom Thumb Pharmacy 1789,101 Trophy Lake Dr,Roanoke,DENTON,100
Kroger Pharmacy 879,6805 N Main,The Colony,DENTON,100
Walgreens Pharmacy 04719,5297 State Highway 121,The Colony,DENTON,100
Dimmit Regional Hospital dba Luevano Health Care,504 Hospital Drive,Carrizo Springs,DIMMIT,100
Clarendon Family Medical Center,1 Medical Center Drive,Clarendon,DONLEY,100
Albertsons Pharmacy 676,2751 N County Rd W,Odessa,ECTOR,100
Albertsons Pharmacy 677,1350 E 8th St,Odessa,ECTOR,200
Lhd Ector County Health Department (Re),221 N Texas Ave,Odessa,ECTOR,200
Market Street Pharmacy 675,4950 E 42nd St,Odessa,ECTOR,100
Odessa Regional Medical Center,520 E 6th St,Odessa,ECTOR,300
Sunflower Rx,700 N Grant Ave Ste 150,Odessa,ECTOR,100
Texas Tech Health Sciences Center,800 West 5th Street,Odessa,ECTOR,300
Albertsons Pharmacy,2200 N Yarbrough,El Paso,EL PASO,200
Bowen Pediatrics,810 E Redd Rd Ste D,El Paso,EL PASO,200
Candelaria Medical Center,8269 N Loop Dr,El Paso,EL PASO,100
Centro De Salud Lisbon,200 Lisbon Street,El Paso,EL PASO,100
Centro San Vicente - El Paso,8061 Alameda Ave,El Paso,EL PASO,100
City of El Paso Fire Department,301 George Perry,El Paso,EL PASO,1000
Del Sol Campus Of Lpds,10301 Gateway Blvd W,El Paso,EL PASO,1000
El Paso Children's Hospital,4845 Alameda Ave,El Paso,EL PASO,700
El Paso Drive Iz Clinic El Paso Dph,5115 El Paso Dr,El Paso,EL PASO,100
"El Paso Wellness Associates, LLC",1600 N Lee Trevino,El Paso,EL PASO,100
Family Medicine Associates of El Paso,9398 Viscount Blvd,El Paso,EL PASO,200
Galo A Rodarte Md Pa,400 E Robinson Ave,El Paso,EL PASO,200
Immunize El Paso - El Paso,6292 Trowbridge Dr,El Paso,EL PASO,1100
Las Palmas Medical Center,1801 N Oregon St,El Paso,EL PASO,1100
Life Ambulance Service Inc.,5720 Trowbridge Dr,El Paso,EL PASO,200
Pediatric Group Of Central El Paso - 4659 Cohen,4659 Cohen Ave Unit B,El Paso,EL PASO,100
Pediatric Group Of Central El Paso - Gus Rallis,181 Gus Rallis Dr,El Paso,EL PASO,100
Savon 1006,5200 MONTANA AVE,El Paso,EL PASO,200
Savon 1936,3100 MESA ST,El Paso,EL PASO,200
Savon 2016,11320 MONTWOOD DR,El Paso,EL PASO,100
Savon 2994,5630 NORTH DESERT BLVD.,El Paso,EL PASO,200
Savon 3932,7022 N. MESA ST,El Paso,EL PASO,200
Sun City Emergency Room,351 E. Redd Road,El Paso,EL PASO,100
Texas Department of Criminal Justice SANCHEZ,3901 State Jail Road,El Paso,EL PASO,100
Texas Tech Family And Community Medicine,9849 Kenworthy St,El Paso,EL PASO,100
Umc El Paso Clinic Ysleta,300 S Zaragoza Rd,El Paso,EL PASO,600
Umc Neighborhood Healthcare Center West,6600 N Desert Blvd,El Paso,EL PASO,600
Umc Nhc East,1521 Joe Battle Blvd.,El Paso,EL PASO,600
University Medical Center of El Paso,4815 Alameda Ave,El Paso,EL PASO,1950
Walgreens Pharmacy 06542,1100 Geronimo Dr,El Paso,EL PASO,100
Wellmed Management,7430 Remcon Circle,El Paso,EL PASO,100
Ysleta Del Sur Pueblo,9314 Juanchido Lane,El Paso,EL PASO,200
Umc El Paso Neighborhood Health Fabens,101 Potasio,Fabens,EL PASO,600
Ennis Regional Medical Center,2201 W Lampasas St,Ennis,ELLIS,100
HEB Pharmacy 107,101 S Clay St,Ennis,ELLIS,100
"Hometown Drug, Inc.",718 W Lampasas St,Ennis,ELLIS,100
Walgreens Pharmacy 09448,606 W Ennis Ave,Ennis,ELLIS,100
Brookshires Pharmacy 69,1400 E Main St,Midlothian,ELLIS,100
Kroger Pharmacy 596,2200 Fm 663,Midlothian,ELLIS,100
Walgreens Pharmacy 09721,1481 E Main St,Midlothian,ELLIS,100
Brookshires Pharmacy 108,Po Box 1709,Red Oak,ELLIS,100
Walgreens Pharmacy 9947,107 E Ovilla Rd,Red Oak,ELLIS,100
Heb Pharmacy 426,800 N Hwy 77,Waxahachie,ELLIS,100
The Prescription Shop,120 S Grand Ave,Waxahachie,ELLIS,100
Walgreens Pharmacy 06562,1201 Ferris Ave,Waxahachie,ELLIS,100
Waxahachie Pharmacy LLC,401 N high way 77,Waxahachie,ELLIS,100
HEB Pharmacy 6,2150 W Washington St,Stephenville,ERATH,200
Walgreens Pharmacy 09040,2315 W Washington St,Stephenville,ERATH,200
Puckett Family Clinic,1301 E Main St,Honey Grove,FANNIN,300
Payne Family Pharmacy,200 S Main St,Floydada,FLOYD,100
Cogdell Rural Health Clinic,320 N Main St,Lockney,FLOYD,100
Ibn Sina Foundation Community Clinic,16345 S Post Oak Rd,Houston,FORT BEND,100
Kroger Pharmacy 347,9303 Hwy 6 South,Houston,FORT BEND,100
Kroger Pharmacy 336,22150 Westheimer Pkwy,Katy,FORT BEND,100
Kroger Pharmacy 733,1550 W Grand Pkwy S,Katy,FORT BEND,100
Next Level Urgent Care Falcon Landing,9722 Gaston Road Suite 190,Katy,FORT BEND,300
Ut Physicians,8810 Highway 6 Ste 100,Missouri City,FORT BEND,100
Kroger Pharmacy 392,6425 Fm 1464 Rd,Richmond,FORT BEND,200
Kroger Pharmacy 397,8011 W Grand Pkwy S,Richmond,FORT BEND,100
Next Level Urgent Care,301 Jackson St,Richmond,FORT BEND,100
Next Level Urgent Care Longmeadow,7101 Grand Parkway #180,Richmond,FORT BEND,300
Pediatric Center Richmond,1300 Main Street,Richmond,FORT BEND,100
Randalls Pharmacy 2670,1890 Fm 359 Rd,Richmond,FORT BEND,100
syed a gardezi md,1628 crabb river rd,Richmond,FORT BEND,100
Texas Department of Criminal Justice Jester III,3 Jester Rd,Richmond,FORT BEND,100
Texas Department of Criminal Justice Jester IV,4 Jester Rd.,Richmond,FORT BEND,100
Kroger Pharmacy 010,24401 Brazos Town Xing,Rosenberg,FORT BEND,100
Memorial Hermann Medical Group Rosenberg,2520 BF Terry Blvd,Rosenberg,FORT BEND,100
Kroger Pharmacy 320,4825 Sweetwater Blvd,Sugar Land,FORT BEND,100
Kroger Pharmacy 375,11565 State Hwy 6 South,Sugar Land,FORT BEND,100
Memorial Hermann Pharmacy - Sugar Land,17510 W GRAND PKWY S,Sugar Land,FORT BEND,100
Sugar Land Rehab Hospital,7622 Branford Pl,Sugar Land,FORT BEND,100
Brookshires Pharmacy 58,306 State Hwy 37 South,Mount Vernon,FRANKLIN,100
Franklin County Rural Health Clinic,506 Texas Highway 37,Mount Vernon,FRANKLIN,100
Texas Department of Criminal Justice BOYD,200 Spur 113,Teague,FREESTONE,100
Frio Regional Primary Care & Urgent Care Clinic,801 W Fm 117,Dilley,FRIO,100
Family Medicine Clinic - Pearsall,151 Medical Dr,Pearsall,FRIO,300
Jose I Sosa Md,151 Medical Dr,Pearsall,FRIO,100
Bay Colony Pediatrics,2251 Fm 646 Rd W,Dickinson,GALVESTON,100
Kroger Pharmacy 743,151 N Friendswood Dr,Friendswood,GALVESTON,200
Village Medical,102 N Friendswood Dr Ste 100,Friendswood,GALVESTON,100
Kroger Pharmacy 302,5730 Seawall Blvd,Galveston,GALVESTON,100
Kroger Pharmacy 144,1920 W League City Pkwy,League City,GALVESTON,100
Randalls Pharmacy 2051,2951 Marina Bay Drive,League City,GALVESTON,200
Your Family Healthcare,14310 Highway 6,Santa Fe,GALVESTON,100
LHD Galveston County Health District (RE),9850 B Emmett F Lowry EXpy,Texas City,GALVESTON,400
Marathon Petroleum Texas City,2401 5th Ave S,Texas City,GALVESTON,200
Albertsons Pharmacy 0716,200 West Crawford Street,Denison,GRAYSON,100
Med-Choice Pharmacy,2300 W Morton St Ste 121,Denison,GRAYSON,100
Kroger Pharmacy 824,1820 N Loy Lake Rd,Sherman,GRAYSON,300
Kroger Pharmacy 959,701 W Marshall Ave,Longview,GREGG,100
Longview Cancer Center,1300 N 4th St,Longview,GREGG,100
Longview Wellness Center,705 E MARSHALL AVE,Longview,GREGG,300
Louis Morgan Drugs #1,1900 S High St,Longview,GREGG,100
Savon Pharmacy 4112,3603 McCann Road,Longview,GREGG,100
Wellness Pointe - Pinetree,1761 W Loop 281,Longview,GREGG,300
Wellness Pointe General Medicine 040583,1107 East Marshall Ave Building 3,Longview,GREGG,300
Woman And Child Health Center Of Longview,402 N 7th St,Longview,GREGG,200
Texas Department of Criminal Justice Luther,1800 Luther Drive,Navasota,GRIMES,100
Texas Department of Criminal Justice Pack 1,2400 Wallace Pack Road,Navasota,GRIMES,100
City of Schertz EMS,1400 Schertz Parkway,Schertz,GUADALUPE,500
Heb Pharmacy 415,17460 Ih 35 N,Schertz,GUADALUPE,100
Kellum Family Medicine,3401 Fm 3009,Schertz,GUADALUPE,200
Walgreens Pharmacy 05963,3801 Fm 3009,Schertz,GUADALUPE,100
HEB Pharmacy 716,1340 E Court St,Seguin,GUADALUPE,100
Seguin Family Health Center,1104 Jefferson Ave,Seguin,GUADALUPE,100
Susan L Boullioun Md Family Practice,113 E Cedar St,Seguin,GUADALUPE,100
Walgreens Pharmacy 09810,1357 E Court St,Seguin,GUADALUPE,100
Amigos Pharmacy 508,2403 N Columbia St,Plainview,HALE,100
West Texas Family Medicine,1806 Quincy St,Plainview,HALE,100
Hardeman County Clinic,404 Mercer St,Quanah,HARDEMAN,100
United Pharmacy 514,1000 W 11th St,Quanah,HARDEMAN,200
Lhd Hardin County Health Department (Re),1135 Redwood,Kountze,HARDIN,300
Kelsey Seybold Clinic Baytown,6300 Garth Rd Ste 200,Baytown,HARRIS,200
Kroger Pharmacy 150,6315 Garth Rd,Baytown,HARRIS,100
Legacy Community Health Services,4301 Garth Rd Ste 400,Baytown,HARRIS,100
"Bellaire Dermatology Associates, PA",6565 West Loop South,Bellaire,HARRIS,300
Randalls Pharmacy 3064,5130 Bellaire Blvd,Bellaire,HARRIS,200
St Hope Foundation Inc,6800 West Loop S Ste 560,Bellaire,HARRIS,200
Fairfield Family Physicians,15201 Mason Rd Ste 1200,Cypress,HARRIS,100
Kroger Pharmacy 115,9703 Barker Cypress Rd,Cypress,HARRIS,100
Kroger Pharmacy 327,13135 Louetta Rd,Cypress,HARRIS,100
Kroger Pharmacy 352,18030 Fm 529 Rd,Cypress,HARRIS,100
Kroger Pharmacy 362,17455 Spring Cypress Rd,Cypress,HARRIS,100
"Deer Park Family Clinic, P.A.",2910 Center St,Deer Park,HARRIS,100
Kroger Pharmacy 744,3135 Fm 528,Friendswood,HARRIS,100
AIRLINE DOCTORS FAMILY AND PEDIATRIC CLINICS,5990 airline drive,Houston,HARRIS,100
Baylor College Of Medicine,1 Baylor Plz Stop Bcm-667,Houston,HARRIS,1000
Ben Taub General Hospital,1504 Taub Loop,Houston,HARRIS,1950
Chi St Lukes Health,6720 Bertner Ave,Houston,HARRIS,1000
Clinica De Ninos - Houston,6445 High Star Dr,Houston,HARRIS,100
COH Northside Health Center,8504 Schuller,Houston,HARRIS,300
East Belt Family Medicine,5402 E Sam Houston Pkwy N,Houston,HARRIS,100
Fondren Orthopedic Group LLP,7401 Main Street,Houston,HARRIS,300
HCPH Main Office,2223 West Loop South,Houston,HARRIS,3000
Holmsten Family & Occupational Medicine,7545 S. Braeswood,Houston,HARRIS,100
HOPE CLINIC,7001 corporate dr,Houston,HARRIS,100
Houston Area Community Services,2150 W 18th St Ste 300,Houston,HARRIS,100
Houston Health Department Immunization Bureau,8000 N Stadium Dr,Houston,HARRIS,3000
Houston Methodist Hospital,6565 Fannin St,Houston,HARRIS,8875
Ibn Sina Community,5012 North Shepherd Dr,Houston,HARRIS,500
Kelsey-Seybold Main Campus,2727 West Holcombe Blvd,Houston,HARRIS,500
Kroger Pharmacy 017,1440 Studemont St,Houston,HARRIS,100
Kroger Pharmacy 156,6322 Telephone Rd,Houston,HARRIS,100
Kroger Pharmacy 243,3300 Montrose Blvd,Houston,HARRIS,100
Kroger Pharmacy 275,13133 Veterans Memorial Dr,Houston,HARRIS,100
Kroger Pharmacy 300,1950 El Dorado Blvd,Houston,HARRIS,100
Kroger Pharmacy 309,1801 S Voss Rd,Houston,HARRIS,100
Kroger Pharmacy 311,9330 Jones Rd,Houston,HARRIS,100
Kroger Pharmacy 312,1035 N Shepherd Dr,Houston,HARRIS,100
Kroger Pharmacy 349,1520 Eldridge Pkwy,Houston,HARRIS,100
Kroger Pharmacy 355,1938 W Gray St,Houston,HARRIS,100
Kroger Pharmacy 363,9919 Westheimer @ Elmside,Houston,HARRIS,100
Kroger Pharmacy 366,12434 State Highway 249,Houston,HARRIS,100
Kroger Pharmacy 371,12222 Jones Road,Houston,HARRIS,100
Kroger Pharmacy 374,8550 Highway 6 N,Houston,HARRIS,100
Kroger Pharmacy 385,16400 El Camino Real,Houston,HARRIS,100
Kroger Pharmacy 395,360 Cypress Creek Pkwy,Houston,HARRIS,100
Kroger Pharmacy 396,6350 N Eldridge Pkwy,Houston,HARRIS,100
Kroger Pharmacy 607,2300 Gessner Rd,Houston,HARRIS,100
Kroger Pharmacy 735,12555 Briar Forest Dr,Houston,HARRIS,100
Kroger Pharmacy 737,12400 Fm 1960 Rd W,Houston,HARRIS,100
Kroger Pharmacy 740,7747 Kirby Dr,Houston,HARRIS,100
Kroger Pharmacy 746,11701 S. Sam Houston Pkwy.,Houston,HARRIS,100
Kroger Pharmacy 748,10010 Cypresswood Dr,Houston,HARRIS,100
La Nueva Casa De Amigos Health Center,1809 N Main St,Houston,HARRIS,100
Lbj Hospital - Harris County Hospital District,5656 Kelley St,Houston,HARRIS,1950
Legacy Community Health Mapleridge,6550 Mapleridge St Ste 106,Houston,HARRIS,100
Legacy Community Health Pharmacy Lyons,3811 Lyons Ave,Houston,HARRIS,100
Legacy Community Health Pharmacy Montrose,1415 California Street,Houston,HARRIS,100
Next Level Urgent Care Attucks,4330 Belfort Street,Houston,HARRIS,300
Next Level Urgent Care Hattie Mae,4400 West 18th Street,Houston,HARRIS,300
Next Level Urgent Care Meyerland,4936 Beechnut Street,Houston,HARRIS,300
Next Level Urgent Care Tanglewood,5749 San Felipe Street,Houston,HARRIS,300
Northchase Family Practice Clinic,11417 Veterans Memorial Dr,Houston,HARRIS,100
Park Plaza Pediatrics,1213 Hermann Dr Ste 770,Houston,HARRIS,100
Randalls Pharmacy 1773,2225 Louisiana St,Houston,HARRIS,100
Randalls Pharmacy 2672,18322 Clay Rd,Houston,HARRIS,200
Randalls Pharmacy 3067,5161 San Felipe,Houston,HARRIS,200
Randalls Pharmacy 4033,5586 Weslayan,Houston,HARRIS,200
Samuel Gan MD,6918 Corporate Dr Ste A10,Houston,HARRIS,100
School Of Nursing - Main Building,1851 Crosspoint Ave.,Houston,HARRIS,975
Sharpstown Health Services,6201 Bonhomme,Houston,HARRIS,100
Sheng Kun Yao Md,9440 Bellaire Blvd,Houston,HARRIS,100
Spring Branch Community Health Center Pitner,8575 Pitner Rd,Houston,HARRIS,100
Spring Branch Community Health Center-Whole Life,1905 Jacquelyn Dr Ste 101,Houston,HARRIS,100
St Hope Foundation,255 Northpoint Dr Ste 200,Houston,HARRIS,200
St Johns Physician,9180 Bellaire Blvd,Houston,HARRIS,100
Sunnyside Health Center,4605 Wilmington St,Houston,HARRIS,100
TCH Main,6621 Fannin St Mc 22510,Houston,HARRIS,1275
Tejas Medical Associates,6510 Hillcroft St Ste 200,Houston,HARRIS,100
Texas Oncology Pa Willowbrook,13215 Dotson Rd,Houston,HARRIS,100
The Heights Emergency Room,101 North Loop W,Houston,HARRIS,100
Tlc Clinic Pllc,12600 Scarsdale Blvd Ste A,Houston,HARRIS,100
Ut Physicians Greens Clinic,550 Greens Parkway Ste 150,Houston,HARRIS,300
UT PHYSICIANS MULTISPECIALTY CLINIC-VICTORY,7364 Antoine Dr,Houston,HARRIS,500
Ut Physicians Multispecialty-Jensen,2620 E Crosstimbers St Ste 100,Houston,HARRIS,100
Utp Heights Clinic,925 N Shepherd Dr,Houston,HARRIS,100
Walgreens Pharmacy 04027,5200 Westheimer Rd,Houston,HARRIS,100
Wellmed Management,9380 W Sam Houston Pkwy,Houston,HARRIS,200
Avenue 360 Health And Wellness Humble,9816 Memorial Blvd Ste 120,Humble,HARRIS,100
Kroger Pharmacy 190,9475 Fm 1960 Bypass Rd W,Humble,HARRIS,100
Kroger Pharmacy 318,19250 WEST LAKE HOUSTON PKWY,Humble,HARRIS,100
Northeast Ped Associates Humble,104 E Main St,Humble,HARRIS,100
Se Texas Er & Hospital,19211 Mckay Dr,Humble,HARRIS,300
Katy Medical Complex Pharmacy,21700 Kingsland Blvd,Katy,HARRIS,100
Kroger Pharmacy 378,6055 Fry Rd,Katy,HARRIS,100
Memorial Hermann Surgery Center Katy LLP,23920 Katy Freeway,Katy,HARRIS,100
Mhmg Katy,23960 Katy Fwy,Katy,HARRIS,100
Mhmg Katy Occupational Medicine,23920 Katy Fwy Ste 540,Katy,HARRIS,100
Randalls Pharmacy 2671,525 S Fry Rd,Katy,HARRIS,100
Texas Oncology Pa Katy,1331 W Grand Pkwy N Ste 340,Katy,HARRIS,100
West Houston Community Health Center,19333 Clay Rd,Katy,HARRIS,100
Zealth Care Pllc,19121 W Little York Rd Ste B,Katy,HARRIS,200
Kroger Pharmacy 310,3410 NORTHPARK DR,Kingwood,HARRIS,100
HCA Houston Healthcare Southeast,4000 spencer highway,Pasadena,HARRIS,100
Vcare Clinics - Pasadena,2615 Strawberry Rd,Pasadena,HARRIS,100
Next Level Urgent Care Pearland,8325 Broadway Suite 220,Pearland,HARRIS,300
Kroger Pharmacy 130,2150 Spring Stuebner Rd,Spring,HARRIS,100
Kroger Pharmacy 307,15802 Champion Forest Dr,Spring,HARRIS,100
Kroger Pharmacy 358,5671 Treaschwig Rd,Spring,HARRIS,100
Kroger Pharmacy 364,6060 Fm 2920 Rd,Spring,HARRIS,100
Kroger Pharmacy 376,18518 Kuykendahl Rd,Spring,HARRIS,100
Kroger Pharmacy 738,8745 Spring Cypress Rd,Spring,HARRIS,100
Kroger Pharmacy 117,24350 Kuykendahl Rd,Tomball,HARRIS,100
Kroger Pharmacy 390,14060 Fm 2920 Rd,Tomball,HARRIS,100
Park Manor of Tomball,Park Manor of Tomball,Tomball,HARRIS,100
Tomball Regional Internal Medicine Associates,13414 Medical Complex Dr.,Tomball,HARRIS,100
Royal Health Clinic,31315 Fm 2920 Rd Ste 3,Waller,HARRIS,100
University Of Texas Medical Branch - Clear Lake,200 Blossom,Webster,HARRIS,200
Brookshires Pharmacy 130,590 W Main St,Hallsville,HARRISON,100
Kroger Pharmacy 953,300 E. End Blvd. (Hwy 80),Marshall,HARRISON,100
Marshall-Harrison County Health District (Re),805 Lindsey Dr,Marshall,HARRISON,100
Super 1 Pharmacy 631,207 E End Blvd N,Marshall,HARRISON,100
Walgreens Pharmacy 06196,309 E End Blvd N,Marshall,HARRISON,100
Coon Memorial Hospital,1411 Denver Ave,Dalhart,HARTLEY,300
United Pharmacy 534,1601 Tennessee Ave,Dalhart,HARTLEY,100
The Drug Store,100 S Avenue E,Haskell,HASKELL,100
Dripping Springs Pharmacy,100 Commons Rd Suite 1,Dripping Springs,HAYS,100
Canadian Family Physicians,1010 South 4th,Canadian,HEMPHILL,200
Medical Associates Of Athens,115 Medical Cir Ste 108,Athens,HENDERSON,200
Brookshires Pharmacy 064,1200 S 3rd St,Mabank,HENDERSON,100
Ut Health Rgv Employee Health Edinburg,1210 W Schunior St,Edinburg,HIDALGO,1950
Yvonne Bracamontes MD PA,3111 Center Pointe Drive Suit B,Edinburg,HIDALGO,500
Hidalgo County HHS Hidalgo,702 E Ramon Ayala Dr,Hidalgo,HIDALGO,100
Ashley Pediatrics Day And Night Clinic La Joya,328 A E. Expressway 83,La Joya,HIDALGO,100
Lees Pharmacy North,5120 N 10th St,McAllen,HIDALGO,100
Mcallen Oncology,5401 N G St,McAllen,HIDALGO,100
South Texas Health System Heart,1900 South D Street,McAllen,HIDALGO,400
Argenal Pediatrics And Family Care,516 N Shary Rd,Mission,HIDALGO,100
Clinica Sagrado Corazon,3401 W Mile 5 Rd Ste 1,Mission,HIDALGO,100
La Joya's Neighborhood Doctors,2121 E Griffin Pkwy,Mission,HIDALGO,100
"Rawls Rx, LLC",1112 E. Griffin Pkwy,Mission,HIDALGO,100
Ashley Pediatrics Day And Night Clinic,17927 Washington Palm Dr,Penitas,HIDALGO,100
Eduardo Guzman Md,2308 Hwy 83 Ste F,Penitas,HIDALGO,100
Industrial Health Works,6201 South Cage Blvd,Pharr,HIDALGO,100
norma iglesias m.d. and assoc,712 SOUTH CAGE BLVD,Pharr,HIDALGO,100
Norma Iglesias Md And Associates,1205 N Raul Longoria Rd Ste H,San Juan,HIDALGO,200
Nuestra Clinica del Valle Inc.,801 W. 1st Street,San Juan,HIDALGO,100
Wellmed Management,1001 James St,Weslaco,HIDALGO,100
Brookshires Pharmacy 53,120 S Waco St,Hillsboro,HILL,100
Brookshires Pharmacy 036,1310 N Brazos St,Whitney,HILL,100
Eubank Drug LLC,1510 N BRAZOS ST,Whitney,HILL,100
Howard County Community Health Center,1300 S Gregg St,Big Spring,HOCKLEY,100
United Pharmacy 509,511 College Ave,Levelland,HOCKLEY,100
Brookshires Pharmacy 94,1301 S Morgan St,Granbury,HOOD,100
HEB Pharmacy 631,3804 Us Hwy 377,Granbury,HOOD,100
Walgreens Pharmacy 05921,1050 E Us Highway 377,Granbury,HOOD,100
Brookshire's Pharmacy 013,809 Gilmer Rd.,Sulphur Springs,HOPKINS,100
Christus Mother Frances Hospital - Sulphur Springs,115 Airport Rd,Sulphur Springs,HOPKINS,200
Walgreens Pharmacy 11910,1130 S Broadway St,Sulphur Springs,HOPKINS,100
Houston County Family Medical Clinic,1501 E Loop 304 Ste 50,Crockett,HOUSTON,100
UNITED PHARMACY #539,1414 WEST WILSON,Borger,HUTCHINSON,100
"City Drug Store of Jacksboro, Inc.",104 East Belknap,Jacksboro,JACK,100
Lhd Jasper-Newton Co Phealth Dist (Re),139 W Lamar St,Jasper,JASPER,100
Christus Health St Elizabeth Hospital,2830 Calder St,Beaumont,JEFFERSON,975
Legacy Community Health (Central Stagg Lcsp),3455 Stagg Dr.,Beaumont,JEFFERSON,100
Texas Department of Criminal Justice Stiles,3060 FM 3514,Beaumont,JEFFERSON,100
Lhd Port Arthur City Health Dept (Re),449 Austin Ave,Port Arthur,JEFFERSON,100
HEB Pharmacy 223,1115 E Main St,Alice,JIM WELLS,200
Walgreens Pharmacy 10231,1055 E Main St,Alice,JIM WELLS,200
Best Value West Pharmacy,124 W Renfro,Burleson,JOHNSON,100
HEB Pharmacy 16,165 Nw John Jones Dr,Burleson,JOHNSON,100
Kroger Pharmacy 591,1631 Sw Wilshire Blvd,Burleson,JOHNSON,100
Walgreens Pharmacy 05377,833 Sw Wilshire Blvd,Burleson,JOHNSON,100
Best Value Royce's Pharmacy,502 N Main St,Cleburne,JOHNSON,100
Genoa Healthcare Llc 20076,1601 N Anglin St Ste 113,Cleburne,JOHNSON,100
HEB Pharmacy 679,600 W Henderson St,Cleburne,JOHNSON,100
Kroger Pharmacy 415,1617 W Henderson St,Cleburne,JOHNSON,100
Savon 4294,210 W Katherine P Raines,Cleburne,JOHNSON,100
Walgreens Pharmacy 05434,1621 W Henderson St,Cleburne,JOHNSON,100
Brookshires Pharmacy 133,1001 Joshua Station St,Joshua,JOHNSON,100
DSHS Anson,2062 Us Hwy 277 North,Anson,JONES,100
Karnes Community Health Center,757 S PANNA MARIA,Karnes City,KARNES,100
Karnes County Family Residential Center,409 FM 1144,Karnes City,KARNES,100
HEB Pharmacy 693,107 N Sunset Strip St,Kenedy,KARNES,100
Roberto Ramirez Md,3349 S Highway 181,Kenedy,KARNES,100
Texas Department of Criminal Justice CONNALLY,899 FM 632,Kenedy,KARNES,100
Brookshires Pharmacy 89,Po Box 1230,Forney,KAUFMAN,100
Kroger Pharmacy 579,500 Marketplace Blvd,Forney,KAUFMAN,100
Walgreens Pharmacy 10817,451 Fm 548,Forney,KAUFMAN,100
Brookshires Pharmacy 035,2235 S Washington St,Kaufman,KAUFMAN,100
Brookshires Pharmacy 023,1400 W. Moore St.,Terrell,KAUFMAN,100
Family Practice Associates,220 Wesley Dr,Kerrville,KERR,100
Heb Pharmacy 401,409 E Kleberg,Kingsville,KLEBERG,100
Walgreens Pharmacy 03917,922 E King Ave,Kingsville,KLEBERG,100
Knox County Hospital,701 Se 5th St,Knox City,KNOX,100
Texas Department of Criminal Justice COTULLA,610 FM 624,Cotulla,LA SALLE,100
Brookshires Pharmacy 014,925 Clarksville St,Paris,LAMAR,100
Kroger Pharmacy 957,1310 Clarksville St,Paris,LAMAR,100
Walgreens Pharmacy 07242,3603 Lamar Ave,Paris,LAMAR,100
DSHS Lampasas,205 Water Street,Lampasas,LAMPASAS,100
Fresenius Kidney Care,1202 Central Texas Expressway,Lampasas,LAMPASAS,100
Lavaca Family Health Clinic,1406 North Texana,Hallettsville,LAVACA,200
Brookshires Pharmacy 75,103 Main St,Normangee,LEON,100
Health Center of Southeast Texas,307 N. William Barnett Ave.,Cleveland,LIBERTY,500
Texas Department of Criminal Justice Plane,904 FM 686,Dayton,LIBERTY,100
Health Center Of Southeast Texas-Liberty,1202 N Travis St,Liberty,LIBERTY,100
Heb Pharmacy 467,701 E Milam St,Mexia,LIMESTONE,100
Parkview Regional Hospital,600 S Bonham St,Mexia,LIMESTONE,100
Health by Design Valero Three Rivers Clinic,100 W LeRoy St,Three Rivers,LIVE OAK,100
Hill Country Direct Care,904 Ford St,Llano,LLANO,100
Amigos Pharmacy 503,112 North University Avenue,Lubbock,LUBBOCK,100
Dr. Karen Soriano,9812 Slide Rd,Lubbock,LUBBOCK,100
I27 Medical Center,4105 I-27,Lubbock,LUBBOCK,300
Lhd Lubbock City Health Dept (Re),806 18th St,Lubbock,LUBBOCK,1000
Market Street Pharmacy 502,3405 50th St,Lubbock,LUBBOCK,100
Market Street Pharmacy 543,4205 98th St,Lubbock,LUBBOCK,100
Southwest Medical,4004 82nd Street,Lubbock,LUBBOCK,200
UMC Internal Medicine,808 Joliet Ave,Lubbock,LUBBOCK,200
"Umcp, Lakeridge Urgent Care",5130 82nd St,Lubbock,LUBBOCK,100
United Pharmacy 551,8010 Frankford Ave,Lubbock,LUBBOCK,100
United Pharmacy 552,6313 4th Street,Lubbock,LUBBOCK,100
Donald Freitag MD,2600 Lockwood St Ste A,Tahoka,LYNN,100
Family Wellness Clinic,1809 Lockwood Ave,Tahoka,LYNN,100
Palacios Medical Clinic,307 Green Ave.,Palacios,MATAGORDA,100
Heb Pharmacy 419,2135 E Main,Eagle Pass,MAVERICK,100
Walgreens 15993,2341 EAST MAIN,Eagle Pass,MAVERICK,100
Brady Medical Clinic,2010 Nine Rd,Brady,MCCULLOCH,200
Baylor University Student Health Services,209 Speight Ave Fl 2,Waco,MCLENNAN,100
Martin Luther King Clinic,1911 N Martin Luther King Jr Blvd,Waco,MCLENNAN,100
Providence Clinic - Londonderry,7003 Woodway Dr,Waco,MCLENNAN,100
Texas Cancer Care Research Ctr,1700 W Hwy 6,Waco,MCLENNAN,100
Waco Internal Medicine Associates,301 Richland W Cir,Waco,MCLENNAN,100
West Oak Med Clinic Pa,407 W Oak St,West,MCLENNAN,100
Heb Pharmacy 424,609 19th St,Hondo,MEDINA,100
Albertsons Pharmacy 671,3317 N Midland Dr,Midland,MIDLAND,100
Albertsons Pharmacy 674,4706 N Midkiff Road,Midland,MIDLAND,100
Allison Cancer Center,400 Rosalind Grover Pkwy,Midland,MIDLAND,100
Graham Pharmacy,1601 W Wall St,Midland,MIDLAND,100
LHD MILAM CO HEALTH DEPT (RE),209 S. Houston Ave,Cameron,MILAM,200
Milam Co Health Depart Rockdale,313 N Main Street,Rockdale,MILAM,200
Nocona General Hospital,100 Park Rd,Nocona,MONTAGUE,100
Conroe Willis Family Medicine,4015 Interstate 45 N Ste 220,Conroe,MONTGOMERY,300
Family First Urgent Care,2510 S Loop 336 W,Conroe,MONTGOMERY,100
Kroger Pharmacy 136,341 S Loop 336 W,Conroe,MONTGOMERY,100
Kroger Pharmacy 316,4747 Research Forest Dr,Conroe,MONTGOMERY,100
Lone Star Family Health Center,605 S. Conroe Medical Dr,Conroe,MONTGOMERY,200
Next Level Urgent Care Montgomery County,521 N Thompson,Conroe,MONTGOMERY,300
Davam Urgent Care,6022 Fm 1488 Rd,Magnolia,MONTGOMERY,100
Kroger Pharmacy 389,6616 Fm 1488 Rd,Magnolia,MONTGOMERY,100
Kroger Pharmacy 142,20168 Eva St,Montgomery,MONTGOMERY,100
Kroger Pharmacy 138,22030 Market Place Dr,New Caney,MONTGOMERY,100
Family Medicine At Sterling Ridge,10110 Woodlands Pkwy,Spring,MONTGOMERY,100
Hometown Pediatrics,1595 Lake Front Cir,Spring,MONTGOMERY,100
Kroger Pharmacy 373,2301 Rayford Rd,Spring,MONTGOMERY,100
Mh Urgent Care Bender's Landing,4057 Riley Fuzzel Rd Ste 1100b,Spring,MONTGOMERY,100
Kroger Pharmacy 014,12605 I-45 N,Willis,MONTGOMERY,100
Moore County Internal Medicine,1405 E 1st St Ste 101,Dumas,MOORE,100
Brookshires Pharmacy 109,609 Linda Dr,Daingerfield,MORRIS,100
East Texas Community Health Services,1309 S. University Dr.,Nacogdoches,NACOGDOCHES,100
Kroger Pharmacy 990,1215 North St,Nacogdoches,NACOGDOCHES,100
My Md Select,3618 N University Dr,Nacogdoches,NACOGDOCHES,100
Brookshires Pharmacy 14 - Newton,701 W Court St,Newton,NEWTON,200
Brookshires Pharmacy 117,501 E Broadway St,Sweetwater,NOLAN,200
Lhd Sweetwater-Nolan Co Health Dept (Re),301 E 12th St,Sweetwater,NOLAN,100
Amistad Community Health Center,1533 S Brownlee Blvd Ste 100,Corpus Christi,NUECES,200
Corpus Christi Fire Department,2406 Leopard St,Corpus Christi,NUECES,100
Corpus Christi Medical Center,3315 S Alameda St,Corpus Christi,NUECES,400
Corpus Christi Outpatient Surgery,3636 S Alameda St Ste A,Corpus Christi,NUECES,100
Driscoll Health System,3533 S. Alameda,Corpus Christi,NUECES,1000
PAM Specialty Hospital Corpus Christi,345 S Water St.,Corpus Christi,NUECES,100
Post Acute Medical Rehabilitaion Hospital of Corp,345 S. Water Street,Corpus Christi,NUECES,100
Promptu Immediate Care - Saratoga,5638 Saratoga Blvd,Corpus Christi,NUECES,100
Wellmed Management,13725 Northwest Blvd,Corpus Christi,NUECES,100
United Pharmacy 525,2802 Hwy 83 South,Perryton,OCHILTREE,100
Walgreens Pharmacy 12355,1790 Texas Ave,Bridge City,ORANGE,100
Walgreens Pharmacy 03081,1408 N 16th St,Orange,ORANGE,100
Brookshires Pharmacy 270,1380 N Main St,Vidor,ORANGE,100
Walgreens Pharmacy 10139,1305 N Main St,Vidor,ORANGE,100
DSHS Mineral Wells,4113 Highway 180 E,Mineral Wells,PALO PINTO,100
Hope Community Medicine-Carthage,820 West Panola St.,Carthage,PANOLA,100
Brookshires Pharmacy 126,Po Box 587,Springtown,PARKER,100
Best Value Hometown Pharmacy,1702 Santa Fe Dr,Weatherford,PARKER,100
Weatherford Rehabilitation Hospital LLC,703 Eureka Street,Weatherford,PARKER,100
Family Healthcare Of Bovina,1100 Highway 86,Bovina,PARMER,200
Friona Rural Health Clinic,1307 Cleveland Ave Ste B,Friona,PARMER,100
Texas Department of Criminal Justice Polunsky,3872 FM 350 South,Livingston,POLK,100
Amigos Pharmacy 524,3300 I-40 East,Amarillo,POTTER,100
Care Express Georgia,2701 S Georgia,Amarillo,POTTER,300
Family Care Clinic Of Bushland,1600 S Fm 2381,Amarillo,POTTER,100
LHD Amarillo DOH,1000 Martin Rd,Amarillo,POTTER,1000
Texas Tech Family Medicine,1400 S Coulter St # 5100,Amarillo,POTTER,400
United Pharmacy 527,1501 E Amarillo Blvd,Amarillo,POTTER,100
Presidio County Medical Clinic,1501 N. Erma,Presidio,PRESIDIO,100
United Pharmacy 522,4701 S Washington St,Amarillo,RANDALL,200
United Pharmacy 529,5807 Sw 45th Ave Ste 100,Amarillo,RANDALL,100
United Pharmacy 530,3553 South Soncy,Amarillo,RANDALL,100
Walgreens Pharmacy 05612,3320 Bell St,Amarillo,RANDALL,100
Walgreens Pharmacy 05613,5921 Hillside Rd,Amarillo,RANDALL,100
Walgreens Pharmacy 06501,2601 S Greorgia,Amarillo,RANDALL,100
Walgreens Pharmacy 13010,2205 Se 34th Ave,Amarillo,RANDALL,100
United Pharmacy 532,201 N 23rd St,Canyon,RANDALL,100
Pecos Valley Rural Health Clinic,2335 S Pigman St,Pecos,REEVES,300
St Joseph Family Medicine Hearne,1643 N Market St,Hearne,ROBERTSON,100
Kroger Pharmacy 574,1950 N Goliad St,Rockwall,ROCKWALL,100
Kroger Pharmacy 575,2935 Ridge Rd,Rockwall,ROCKWALL,100
Ridge Road Medical Center,2306 Ridge Rd,Rockwall,ROCKWALL,100
Walgreens Pharmacy 05827,2911 Ridge Rd,Rockwall,ROCKWALL,100
Walgreens Pharmacy 11519,2007 N Goliad St,Rockwall,ROCKWALL,100
William J Fieldsmith MD PA,2313 Ridge Rd STE 102,Rockwall,ROCKWALL,200
Tom Thumb Pharmacy 1925,8805 Lakeview Pkwy,Rowlett,ROCKWALL,100
Walgreens Pharmacy 04818,8801 Lakeview Pkwy,Rowlett,ROCKWALL,100
DSHS Ballinger,2017 Hutchins Avenue,Ballinger,RUNNELS,100
Kroger Pharmacy 490,2415 Us Highway 79 S,Henderson,RUSK,100
Texas Department of Criminal Justice EAST TX ISF,900 Industrial Drive,Henderson,RUSK,100
Trinity Clinic Family Practice Henderson,105 Zeid Blvd # 2,Henderson,RUSK,100
Walgreens Pharmacy 11212,2126 Us Highway 79 S,Henderson,RUSK,100
Brookshires Pharmacy 56,420 N Hill St,Tatum,RUSK,100
Hope Community Medicine-San Augustine,109 E Main St,San Augustine,SAN AUGUSTINE,100
Memorial Medical Center-San Augustine,511 EAST HOSPITAL STREET,San Augustine,SAN AUGUSTINE,100
Providence Family Care,21 Alpine St,Coldspring,SAN JACINTO,500
Heb Pharmacy 333,101 E Goodnight Ave,Aransas Pass,SAN PATRICIO,100
HEB Pharmacy 488,1600 Wildcat Dr,Portland,SAN PATRICIO,100
Taft Family Health Center,1210 Gregory St Ste 2,Taft,SAN PATRICIO,100
United Pharmacy 549,3500 College Ave,Snyder,SCURRY,100
"Aurora Concepts, PLLC",233 Hurst Street,Center,SHELBY,100
Hope Community Medicine-Center,620 Tenaha St,Center,SHELBY,100
Christus Trinity Clinic Lindale,3203 S Main St,Lindale,SMITH,300
Christus Mother Frances Hospital - Tyler,800 E Dawson,Tyler,SMITH,100
DSHS PHR 4/5N HQ - Tyler (RE),2521 W Front St,Tyler,SMITH,100
Fresh By Brookshires Pharmacy 801,6991 Old Jacksonville Hwy,Tyler,SMITH,100
Lhd Nethealth (Re),815 N Broadway Ave,Tyler,SMITH,1000
Tyler Complete Care,1809 Capital Dr,Tyler,SMITH,200
UT Health Science Center Tyler,11937 Us Highway 271,Tyler,SMITH,1000
HEB Pharmacy 013,4031 E Us Highway 83,Rio Grande City,STARR,100
Linos Pharmacy 2,201 N Fm 3167 Ste 101-102,Rio Grande City,STARR,100
Breckenridge Medical Center,101 S. Hartford,Breckenridge,STEPHENS,100
Texas Department of Criminal Justice SAYLE,4176 FM 1800,Breckenridge,STEPHENS,100
Arlington Fire Department,620 W Division St.,Arlington,TARRANT,500
Family Health Clinic Arlington,1115 E Pioneer Pkwy,Arlington,TARRANT,100
Kroger Pharmacy 445,5330 S Cooper St,Arlington,TARRANT,100
Kroger Pharmacy 592,5101 W Sublett Rd,Arlington,TARRANT,100
Kroger Pharmacy 688,301 S Bowen Rd,Arlington,TARRANT,100
Mercy Care Pharmacy,801 Road To Six Flags W Ste 122,Arlington,TARRANT,100
PrimeCare Family Practice,1001 N. Waldrop Dr.,Arlington,TARRANT,100
Savon 4142,301 Sw Plaza Shopping Ctr.,Arlington,TARRANT,200
Savon 4163,5950 South Cooper St,Arlington,TARRANT,200
Tom Thumb Pharmacy 3617,2611 W Park Row Dr,Arlington,TARRANT,100
Jps Nw Health Center,401 Stribling Dr.,Azle,TARRANT,500
Savon 4290,480 Northwest Pkwy,Azle,TARRANT,100
Kroger Pharmacy 521,2109 Harwood Rd,Bedford,TARRANT,100
Texas Health Huguley Hospital - Fort Worth South,11801 South Fwy,Burleson,TARRANT,3225
Market Street Pharmacy 560,5605 Colleyville Blvd,Colleyville,TARRANT,100
Jps Northeast Chc,3200 W Euless Blvd,Euless,TARRANT,200
STAR WELLNESS,451 Westpark Way Ste 1,Euless,TARRANT,300
Best Value Ridglea Pharmacy,5932 Lovell Ave,Fort Worth,TARRANT,100
Clinica Mi Doctor #6,229 Ne 28th St,Fort Worth,TARRANT,100
Jps Diamond Hill Jarvis,3308 Deen Rd,Fort Worth,TARRANT,500
JPS Health Connect,1400 South Main Street,Fort Worth,TARRANT,100
Jps Hospital,1500 South Main St,Fort Worth,TARRANT,6025
Jps Polytechnic Health Center,1650 S Beach St,Fort Worth,TARRANT,500
Jps South Campus Clinic,2500 Circle Dr,Fort Worth,TARRANT,300
Jps Watauga Gertrude Tarpley Chc,6601 Watauga Rd Ste 124,Fort Worth,TARRANT,300
Kroger Pharmacy 439,9114 Camp Bowie West Blvd,Fort Worth,TARRANT,100
Kroger Pharmacy 520,3120 S University Dr,Fort Worth,TARRANT,100
Kroger Pharmacy 532,5241 North Tarrant Pkwy,Fort Worth,TARRANT,100
La Gran Plaza Health Center,1101 S. Main St.,Fort Worth,TARRANT,100
Md Family Clinic - Fort Worth,1200 Woodhaven Blvd,Fort Worth,TARRANT,300
Perrone Pharmacy,3921 Benbrook Highway,Fort Worth,TARRANT,200
Savon 4272,850 E Loop 820,Fort Worth,TARRANT,200
Savon 4286,6700 West Freeway,Fort Worth,TARRANT,100
Tarrant Co Ph Bagsby,3212 Miller Ave,Fort Worth,TARRANT,100
Tarrant Co Ph Imm Outreach,1101 S Main St Ste 1350,Fort Worth,TARRANT,4925
Tarrant Co Ph Nw Health Ctr,3800 Adam Grubb,Fort Worth,TARRANT,100
Tarrant Co Ph Sw Health Ctr,6551 Granbury Rd,Fort Worth,TARRANT,100
Texas Health Medical Support,1100 Bridgewood,Fort Worth,TARRANT,7000
Kroger Pharmacy 817,2525 W Interstate 20,Grand Prairie,TARRANT,100
"MetHealth,PA",4045 E Belknap St Ste 12,Haltom City,TARRANT,100
Kroger Pharmacy 516,976 Keller Pkwy,Keller,TARRANT,100
Kroger Pharmacy 537,2061 Rufe Snow Dr,Keller,TARRANT,100
North Hills Family Practice Keller,300 N Rufe Snow Dr,Keller,TARRANT,200
S V LLC,967 Keller Pkwy,Keller,TARRANT,100
Tom Thumb Pharmacy 1972,980 Highway 287 N,Mansfield,TARRANT,100
Healthcare Associates of Southlake,2106 East State Hwy 114,Southlake,TARRANT,100
Kroger Pharmacy 512,2110 E Southlake Blvd,Southlake,TARRANT,100
Southlake DPS,600 State Street,Southlake,TARRANT,100
HEB Pharmacy 0070,1345 Barrow St,Abilene,TAYLOR,100
Hendrick Provider Network - Abilene 1,1210 N 18th St,Abilene,TAYLOR,300
Market Street Pharmacy 679,4450 Buffalo Gap Rd,Abilene,TAYLOR,100
Texas Cancer Center Abilene So,1957 Antilley Rd,Abilene,TAYLOR,100
Texas Department of Criminal Justice ROBERTSON,12071 FM 3522,Abilene,TAYLOR,100
United Pharmacy #548,3301 South 14th Street,Abilene,TAYLOR,100
United Pharmacy 547,920 N Willis St,Abilene,TAYLOR,200
United Pharmacy 574,2160 Pine St,Abilene,TAYLOR,100
Walgreens Pharmacy 04875,3033 S 14th St,Abilene,TAYLOR,100
Walgreens Pharmacy 07937,991 N Willis St,Abilene,TAYLOR,100
Walgreens Pharmacy 15187,1005 N Judge Ely Blvd,Abilene,TAYLOR,100
Brownfield Regional Med Ctr Rural Hlth,703 E Felt St,Brownfield,TERRY,100
Super 1 Pharmacy 611,602 S Jefferson Ave,Mount Pleasant,TITUS,100
Thurman's Pro-Med Pharmacy,402 N Madison Ave,Mount Pleasant,TITUS,100
Walgreens Pharmacy 12293,203 W Ferguson Rd,Mount Pleasant,TITUS,100
Albertsons Pharmacy 678,3121 Sunset Dr,San Angelo,TOM GREEN,100
San Angelo Health Department,2030 Pulliam St Ste 8,San Angelo,TOM GREEN,300
Austin Public Safety Wellness Center,517 S Pleasant Valley Rd,Austin,TRAVIS,200
Austin Regional Clinic - Quarry Lake,4515 Seton Center Pkwy Ste 220,Austin,TRAVIS,500
Communitycare East Austin,211 Comal St,Austin,TRAVIS,200
Communitycare North Central,1210 W Braker Ln,Austin,TRAVIS,100
DSHS CENTRAL PHARMACY WAREHOUSE,1111 NORTH LOOP,Austin,TRAVIS,1000
Heart Hospital Of Austin,3801 N Lamar Blvd,Austin,TRAVIS,700
Lamar Plaza Drug Store,1509 S Lamar Blvd #550,Austin,TRAVIS,200
North Austin Medical Center,12221 Mopac Exp North,Austin,TRAVIS,1675
Orthopaedic Specialists Of Austin,4611 Guadalupe St,Austin,TRAVIS,100
People's Community Clinic,2909 N Interstate 35,Austin,TRAVIS,100
People's Community Clinic - Austin 2,1101 Camino La Costa Ste 100,Austin,TRAVIS,200
Randalls Pharmacy 1779,2303 Ranch Road 620,Austin,TRAVIS,100
Randalls Pharmacy 1850,9911 Brodie Lane,Austin,TRAVIS,100
Randalls Pharmacy 2475,5311 Balcones Dr,Austin,TRAVIS,200
Randalls Pharmacy 2485,2025 W Ben White Blvd,Austin,TRAVIS,100
Randalls Pharmacy 2987,5145 N FM 620 Rd,Austin,TRAVIS,100
Refugee Services - Austin 1,1000 Toyath St,Austin,TRAVIS,100
Seton McCarthy Community Clinic,2811 E 2nd St,Austin,TRAVIS,100
Seton Medical Center Austin,1201 W 38th St,Austin,TRAVIS,1000
Shots For Tots Far South,405 W Stassney Ln,Austin,TRAVIS,100
Shots For Tots St Johns,7500 Blessing Ave,Austin,TRAVIS,100
SHUBHA LLC DBA AURO PHARMACY,1139 W Braker Ln,Austin,TRAVIS,100
South Austin Medical Center,901 W Ben White Blvd,Austin,TRAVIS,500
St Davids Medical Center,919 E 32nd St,Austin,TRAVIS,2275
St. Josef's Clinic,809 Lydia St,Austin,TRAVIS,100
Toth Enterprises Ii Victory Medical And Family Care,4303 Victory Dr,Austin,TRAVIS,100
Trinity Internal Medicine,313 E 12th St Ste 102 Ste 102,Austin,TRAVIS,100
Vik Complete Care Lakeway,1518 Ranch Rd. 620 S. Bldg. H,Austin,TRAVIS,300
Walgreens Pharmacy 01970,3407 Wells Branch Pkwy,Austin,TRAVIS,100
Wellmed Ben White,706 W. Ben White Bldg. A,Austin,TRAVIS,100
Randalls Pharmacy 3145,3441 N Lakeline Blvd,Leander,TRAVIS,100
Seton Family Of Doctors Stone Hill,1512 Town Center Dr Ste 100,Pflugerville,TRAVIS,300
Tyler County Hospital Family Medical Clinic,104 N Beech St,Woodville,TYLER,200
Divine Grace Pharmacy,1970 Us Highway 259 S,Diana,UPSHUR,300
Heb Pharmacy 441,227 E Main St,Uvalde,UVALDE,100
Uvalde Memorial Hospital,1025 Garner Field Rd.,Uvalde,UVALDE,100
Walgreens Pharmacy 13447,250 E Main St,Uvalde,UVALDE,100
Heb Pharmacy 418,200 Veterans Blvd,Del Rio,VAL VERDE,100
Val Verde Rural Health Clinic,1801 N. Bedell,Del Rio,VAL VERDE,500
Innate Medical Solution,749 N.Waldrip,Grand Saline,VAN ZANDT,200
Frank S Parma Md,2700 Citizens Plz Ste 202,Victoria,VICTORIA,100
Kroger Pharmacy 145,223 Interstate 45 S,Huntsville,WALKER,100
Monahans Pharmacy Inc.,801 E 4th St,Monahans,WARD,100
Brenham Drug Partners,2105 S Day Street,Brenham,WASHINGTON,100
Brookshires Pharmacy 11 - Brenham,303 N Austin Pkwy,Brenham,WASHINGTON,100
Heb Pharmacy 414,2508 S Day St,Brenham,WASHINGTON,100
Txdads Brenham State Supported Living Center,4001 Highway 36 S,Brenham,WASHINGTON,400
Walgreens Pharmacy 10944,2411 S Ray St,Brenham,WASHINGTON,100
City Of Laredo Health Department,2600 Cedar Ave,Laredo,WEBB,500
Gateway Hlth Comm Ctr Inc,2007 S Zapata Hwy,Laredo,WEBB,100
TXAM International University Student Hlth Ser,5201 University Blvd,Laredo,WEBB,100
HEB Pharmacy 584,306 N Mechanic St,El Campo,WHARTON,100
Walgreens Pharmacy 09739,203 N Mechanic St,El Campo,WHARTON,100
Heb Pharmacy 233,1616 N Alabama Rd,Wharton,WHARTON,100
United Pharmacy 515,311 South Ave D.,Burkburnett,WICHITA,100
Texas Department of Criminal Justice Allred,2101 FM 369 N,Iowa Park,WICHITA,100
Harvest Drug And Gift - Wichita Falls - 4426 Kell Blvd,4426 Kell Blvd,Wichita Falls,WICHITA,300
Myrna C De Asis Md,1819 10th St,Wichita Falls,WICHITA,100
North Central Texas Comunity Healthcare Center,200 MLK JR BLVD,Wichita Falls,WICHITA,100
Texoma Cancer Center,5400 Kell Blvd,Wichita Falls,WICHITA,100
United Pharmacy 516,4516 Old Jacksboro Hwy,Wichita Falls,WICHITA,100
United Pharmacy 521,2522 Iowa Park Road,Wichita Falls,WICHITA,100
DSHS Vernon,1531 Cumberland St,Vernon,WILBARGER,100
Family Pharmacy,1720 Hillcrest Dr,Vernon,WILBARGER,100
United Pharmacy 513,3000 Wilbarger St,Vernon,WILBARGER,100
Dshs raymondville,174 s. 13 th,Raymondville,WILLACY,100
Texas Department of Criminal Justice Willacy,1695 S. Buffalo Dr.,Raymondville,WILLACY,100
Randalls Pharmacy 1896,1400 Cypress Crk Rd,Cedar Park,WILLIAMSON,100
Ascension Medical Group Georgetown,3721 Williams Drive,Georgetown,WILLIAMSON,100
Georgetown Family Emergency Room,1210 W. University Ave.,Georgetown,WILLIAMSON,200
Randalls Pharmacy 2484,5721 Williams Dr,Georgetown,WILLIAMSON,100
St Davids Georgetown Hospital Pharmacy,2000 Scenic Dr,Georgetown,WILLIAMSON,600
Wcchd Georgetown,100 W 3rd St,Georgetown,WILLIAMSON,100
Austin Regional Clinic - Leander,901 Crystal Falls Pkwy Ste 103,Leander,WILLIAMSON,500
Family Medicine Assoc Of Round Rock,7200 Wyoming Springs Dr Ste 600,Round Rock,WILLIAMSON,300
Randalls Pharmacy 2636,2051 Gattis School Rd,Round Rock,WILLIAMSON,100
Round Rock Family Emergency Center,1925 A.W Grimes Blvd,Round Rock,WILLIAMSON,100
Round Rock Medical Center,2400 Round Rock Ave,Round Rock,WILLIAMSON,975
St Davids Surgical Hospital,1201 W Louis Henna Blvd,Round Rock,WILLIAMSON,700
Texas Cancer Center Seton Wm,301 Seton Pkwy Ste 104,Round Rock,WILLIAMSON,200
Wcchd Taylor,115 W 6th St,Taylor,WILLIAMSON,100
Connally Memorial Family Practice - Floresville 1,6511 Us Highway 181 N Ste A,Floresville,WILSON,100
Connally Memorial Family Practice - Floresville 2,497 10th St Ste 101,Floresville,WILSON,100
Wilson Community Health Center,540 10th St Ste 140,Floresville,WILSON,100
Winkler County Rural Health Clinic,828 Myer Ln,Kermit,WINKLER,200
Wise Health Clinic - Boyd,133 N Fm 730 Unit 105,Boyd,WISE,100
Brookshires Pharmacy 005,1203 Us Highway 380,Bridgeport,WISE,100
Best Value Renshaw Pharmacy,800 Medical Center Dr Ste A,Decatur,WISE,200
Rhome Pharmacy,400 S Main St,Rhome,WISE,100
Brookshire's Pharmacy 015,1478 N Beaulah St,Hawkins,WOOD,100
Brookshires Pharmacy 031,1224 N Pacific St,Mineola,WOOD,100
Trinity Clinic Mineola,1302 N Pacific St,Mineola,WOOD,100
Brookshires Pharmacy 60,Po Box 934,Quitman,WOOD,100
"Graham Heath Care, Pllc",1005 State Highway 16 S,Graham,YOUNG,100
United Pharmacy 520,1229 State Highway 16 S,Graham,YOUNG,100
